Player,Pos,Height,Weight,Birthdate,Country,Experience,College,Salary,Age,Height_cm,College,Player_2
quincy acy,PF,7-Jun,240,33152,us,2,Baylor,915243,23,200.66,Baylor,"Acy, Quincy"
jordan adams,SG,5-Jun,209,34523,us,0,UCLA,1344120,20,195.58,UCLA,"Adams, Jordan"
steve adams,C,Jul-00,265,34170,nz,1,Pitt,2184960,21,213.36,Pitt,"Adams, Steven"
jeff adrien,PF,7-Jun,245,31453,us,4,UConn,981084,28,200.66,UConn,"Adrien, Jeff"
arron afflalo,SG,5-Jun,210,31335,us,7,UCLA,7750000,28,195.58,UCLA,"Afflalo, Arron"
alexis ajinca,C,2-Jul,248,32269,fr,4,,981084,26,218.44,,"Ajinca, Alexis"
furkan aldemir,PF,10-Jun,240,33459,tr,0,,3000000,23,208.28,,"Aldemir, Furkan"
cole aldrich,C,11-Jun,250,32447,us,4,Kansas,981084,25,210.82,Kansas,"Aldrich, Cole"
lamarcus aldridge,PF,11-Jun,260,31247,us,8,Texas,16006000,29,210.82,Texas,"Aldridge, LaMarcus"
lavoy allen,C,9-Jun,260,32543,us,3,Temple,948163,25,205.74,Temple,"Allen, Lavoy"
tony allen,SG,4-Jun,213,29962,us,10,"Butler County Community College, Oklahoma State",4831461,32,193.04,Butler County Community College,"Allen, Tony"
al farouq aminu,SF,9-Jun,220,33137,us,4,Wake Forest,981084,24,205.74,Wake Forest,"Aminu, Al-Farouq"
lou amundson,PF,9-Jun,220,30292,us,8,UNLV,409167,31,205.74,UNLV,"Amundson, Lou"
chris andersen,C,10-Jun,245,28678,us,12,Blinn College,5375000,36,208.28,Blinn College,"Andersen, Chris"
alan anderson,SG,6-Jun,220,30240,us,5,Michigan State,1276061,31,198.12,Michigan State,"Anderson, Alan"
kyle anderson,SF,9-Jun,230,34232,us,0,UCLA,1093680,21,205.74,UCLA,"Anderson, Kyle"
ryan anderson,PF,10-Jun,240,32269,us,6,Cal,8491500,26,208.28,Cal,"Anderson, Ryan"
giannis antetokounmpo,SG,11-Jun,242,34674,gr,1,,1873200,19,210.82,,"Antetokounmpo, Giannis"
carmelo anthony,SF,8-Jun,240,30831,us,11,Syracuse,22458000,30,203.2,Syracuse,"Anthony, Carmelo"
joel anthony,C,9-Jun,245,30172,ca,7,UNLV,3800000,32,205.74,UNLV,"Anthony, Joel"
pero antic,C,11-Jun,260,30161,mk,1,,1250000,32,210.82,,"Antic, Pero"
trevor ariza,SF,8-Jun,215,31228,us,10,UCLA,8579089,29,203.2,UCLA,"Ariza, Trevor"
darrell arthur,PF,9-Jun,235,32227,us,5,Kansas,3457149,26,205.74,Kansas,"Arthur, Darrell"
omer asik,C,Jul-00,255,31597,tr,4,,8374646,28,213.36,,"Asik, Omer"
dj augustin,PG,Jun-00,183,32091,us,6,Texas,3000000,26,182.88,Texas,"Augustin, D.J."
jeff ayres,PF,9-Jun,240,31896,us,4,Arizona State,1828750,27,205.74,Arizona State,"Ayres, Jeff"
luke babbitt,SF,9-Jun,225,32679,us,4,Nevada,981084,25,205.74,Nevada,"Babbitt, Luke"
cameron bairstow,PF,9-Jun,250,33214,au,0,New Mexico,507336,23,205.74,New Mexico,"Bairstow, Cameron"
leandro barbosa,SG,3-Jun,194,30283,br,11,,1448490,31,190.5,,"Barbosa, Leandro"
andrea bargnani,C,Jul-00,245,31346,it,8,,11500000,28,213.36,,"Bargnani, Andrea"
harrison barnes,SF,8-Jun,225,33754,us,2,UNC,3049920,22,203.2,UNC,"Barnes, Harrison"
matt barnes,SF,7-Jun,226,29289,us,11,UCLA,3396250,34,200.66,UCLA,"Barnes, Matt"
earl barron,C,Jul-00,250,29812,us,7,Memphis,107676,33,213.36,Memphis,"Barron, Earl"
will barton,SG,6-Jun,190,33244,us,2,Memphis,915243,23,198.12,Memphis,"Barton, Will"
brandon bass,PF,8-Jun,250,31167,us,9,LSU,6900000,29,203.2,LSU,"Bass, Brandon"
nicolas batum,SF,8-Jun,200,32491,fr,6,,11765500,25,203.2,,"Batum, Nicolas"
jerryd bayless,PG,3-Jun,200,32375,us,6,Arizona,3000000,26,190.5,Arizona,"Bayless, Jerryd"
aron baynes,C,10-Jun,260,31755,nz,2,Washington State,2077000,27,208.28,Washington State,"Baynes, Aron"
kent bazemore,SG,5-Jun,201,32690,us,2,Old Dominion,2000000,25,195.58,Old Dominion,"Bazemore, Kent"
bradley beal,SG,5-Jun,207,34148,us,2,Florida,4505280,21,195.58,Florida,"Beal, Bradley"
michael beasley,PF,9-Jun,235,32517,us,6,Kansas State,330226,25,205.74,Kansas State,"Beasley, Michael"
marco belinelli,SG,5-Jun,210,31496,it,7,,2873750,28,195.58,,"Belinelli, Marco"
jerrelle benimon,PF,8-Jun,245,33451,us,0,"Georgetown, Towson University",35000,23,203.2,Georgetown,"Benimon, Jerrelle"
anthony bennett,PF,8-Jun,245,34042,ca,1,UNLV,5563920,21,203.2,UNLV,"Bennett, Anthony"
patrick beverley,PG,1-Jun,185,32336,us,2,Arkansas,915243,26,185.42,Arkansas,"Beverley, Patrick"
sim bhullar,C,5-Jul,360,33940,ca,0,New Mexico State,29843,21,226.06,New Mexico State,"Bhullar, Sim"
bismack biyombo,C,9-Jun,255,33844,cd,3,,3873398,22,205.74,,"Biyombo, Bismack"
tarik black,C,9-Jun,250,33564,us,0,"Memphis, Kansas",507336,22,205.74,Memphis,"Black, Tarik"
dejuan blair,PF,7-Jun,270,32620,us,5,Pitt,2000000,25,200.66,Pitt,"Blair, DeJuan"
steve blake,PG,3-Jun,172,29277,us,11,Maryland,2077000,34,190.5,Maryland,"Blake, Steve"
eric bledsoe,PG,1-Jun,205,32851,us,4,Kentucky,12173913,24,185.42,Kentucky,"Bledsoe, Eric"
vander blue,SG,4-Jun,200,33802,us,1,Marquette,0,22,193.04,Marquette,"Blue, Vander"
bojan bogdanovic,SF,8-Jun,216,32616,ba,0,,3278000,25,203.2,,"Bogdanovic, Bojan"
andrew bogut,C,Jul-00,260,31014,au,9,Utah,12972973,29,213.36,Utah,"Bogut, Andrew"
matt bonner,PF,10-Jun,235,29316,us,10,Florida,1448490,34,208.28,Florida,"Bonner, Matt"
trevor booker,PF,8-Jun,228,32106,us,4,Clemson,5000000,26,203.2,Clemson,"Booker, Trevor"
carlos boozer,PF,9-Jun,258,29910,de,12,Duke,13550000,32,205.74,Duke,"Boozer, Carlos"
chris bosh,C,11-Jun,235,30765,us,11,Georgia Tech,20644400,30,210.82,Georgia Tech,"Bosh, Chris"
avery bradley,SG,2-Jun,180,33203,us,4,Texas,7191011,23,187.96,Texas,"Bradley, Avery"
elton brand,C,8-Jun,275,28925,us,15,Duke,2000000,35,203.2,Duke,"Brand, Elton"
corey brewer,SF,9-Jun,186,31476,us,7,Florida,4702500,28,205.74,Florida,"Brewer, Corey"
aaron brooks,PG,Jun-00,161,31061,us,6,Oregon,1145685,29,182.88,Oregon,"Brooks, Aaron"
jabari brown,SG,4-Jun,215,33956,us,0,"Oregon, Missouri",44765,21,193.04,Oregon,"Brown, Jabari"
lorenzo brown,PG,5-Jun,189,33111,us,1,NC State,283367,24,195.58,NC State,"Brown, Lorenzo"
markel brown,SG,3-Jun,190,33632,us,0,Oklahoma State,507336,22,190.5,Oklahoma State,"Brown, Markel"
shannon brown,SG,4-Jun,205,31380,us,8,Michigan State,0,28,193.04,Michigan State,"Brown, Shannon"
kobe bryant,SG,6-Jun,212,28725,us,18,,23500000,36,198.12,,"Bryant, Kobe"
chase budinger,SF,7-Jun,209,32285,us,5,Arizona,5000000,26,200.66,Arizona,"Budinger, Chase"
reggie bullock,SF,7-Jun,205,33313,us,1,UNC,1200720,23,200.66,UNC,"Bullock, Reggie"
trey burke,PG,1-Jun,175,33920,us,1,Michigan,2548560,21,185.42,Michigan,"Burke, Trey"
alec burks,SG,6-Jun,214,33439,us,3,Colorado,3034356,23,198.12,Colorado,"Burks, Alec"
caron butler,SF,7-Jun,228,29293,us,12,UConn,4500000,34,200.66,UConn,"Butler, Caron"
jimmy butler,SG,8-Jun,232,32765,us,3,Marquette,2008748,25,203.2,Marquette,"Butler, Jimmy"
rasual butler,SF,7-Jun,215,28998,us,11,La Salle,1448490,35,200.66,La Salle,"Butler, Rasual"
dwight buycks,PG,3-Jun,190,32573,us,1,Marquette,48028,25,190.5,Marquette,"Buycks, Dwight"
will bynum,SG,Jun-00,185,30320,us,7,"Arizona, Georgia Tech",2915908,31,182.88,Arizona,"Bynum, Will"
bruno caboclo,SF,9-Jun,218,34963,br,0,,1458360,19,205.74,,"Caboclo, Bruno"
nick calathes,SG,6-Jun,213,32546,us,1,Florida,816482,25,198.12,Florida,"Calathes, Nick"
jose calderon,PG,3-Jun,200,29857,es,9,,7097191,33,190.5,,"Calderon, Jose"
kentavious caldwell-pope,SG,5-Jun,205,34018,us,1,Georgia,2772480,21,195.58,Georgia,"Caldwell-Pope, Kentavious"
isaiah canaan,PG,Jun-00,201,33379,us,1,Murray State,816482,23,182.88,Murray State,"Canaan, Isaiah"
clint capela,C,10-Jun,240,34472,ch,0,,1189200,20,208.28,,"Capela, Clint"
demarre carroll,SF,8-Jun,215,31620,us,5,"Vanderbilt, Missouri",2442455,28,203.2,Vanderbilt,"Carroll, DeMarre"
vince carter,SG,6-Jun,220,28151,us,16,UNC,3911981,37,198.12,UNC,"Carter, Vince"
michael carter-williams,PG,6-Jun,190,33521,us,1,Syracuse,2300040,22,198.12,Syracuse,"Carter-Williams, Michael"
omri casspi,SF,9-Jun,225,32316,il,5,,1063384,26,205.74,,"Casspi, Omri"
mario chalmers,PG,2-Jun,190,31551,us,6,Kansas,4000000,28,187.96,Kansas,"Chalmers, Mario"
tyson chandler,C,1-Jul,240,30226,us,13,,14598888,31,215.9,,"Chandler, Tyson"
wilson chandler,SF,9-Jun,225,31907,us,7,DePaul,6757913,27,205.74,DePaul,"Chandler, Wilson"
will cherry,PG,Jun-00,185,33277,us,0,University of Montana,25000,23,182.88,University of Montana,"Cherry, Will"
patrick christopher,SG,5-Jun,209,32297,us,0,Cal,0,26,195.58,Cal,"Christopher, Patrick"
earl clark,PF,10-Jun,225,32159,us,5,Louisville,62552,26,208.28,Louisville,"Clark, Earl"
ian clark,SG,3-Jun,175,33304,us,1,Belmont,816482,23,190.5,Belmont,"Clark, Ian"
jordan clarkson,PG,5-Jun,194,33762,us,0,"Tulsa, Missouri",507336,22,195.58,Tulsa,"Clarkson, Jordan"
victor claver,SF,9-Jun,224,32385,es,2,,1370000,26,205.74,,"Claver, Victor"
norris cole,PG,2-Jun,175,32429,us,3,Cleveland State University,2038206,25,187.96,Cleveland State University,"Cole, Norris"
darren collison,PG,Jun-00,175,32012,us,5,UCLA,4797664,27,182.88,UCLA,"Collison, Darren"
nick collison,PF,10-Jun,255,29520,us,10,Kansas,2242003,33,208.28,Kansas,"Collison, Nick"
mike conley,PG,1-Jun,175,32061,us,7,Ohio State,8894216,26,185.42,Ohio State,"Conley, Mike"
jack cooley,C,9-Jun,260,33332,us,0,Notre Dame,187357,23,205.74,Notre Dame,"Cooley, Jack"
chris copeland,SF,9-Jun,239,30758,us,2,Colorado,3135000,30,205.74,Colorado,"Copeland, Chris"
bryce cotton,PG,1-Jun,165,33827,us,0,Providence,50000,22,185.42,Providence,"Cotton, Bryce"
demarcus cousins,C,11-Jun,270,33098,us,4,Kentucky,13701250,24,210.82,Kentucky,"Cousins, DeMarcus"
robert covington,SF,9-Jun,225,33221,us,1,Tennessee State,150000,23,205.74,Tennessee State,"Covington, Robert"
alan crabbe,SG,6-Jun,212,33703,us,1,Cal,862000,22,198.12,Cal,"Crabbe, Allen"
jamal crawford,SG,5-Jun,185,29300,us,14,Michigan,5450000,34,195.58,Michigan,"Crawford, Jamal"
jae crowder,SF,6-Jun,235,33060,us,2,Marquette,915243,24,198.12,Marquette,"Crowder, Jae"
dante cunningham,PF,8-Jun,230,31889,us,5,Villanova,831942,27,203.2,Villanova,"Cunningham, Dante"
jared cunningham,SG,4-Jun,195,33380,us,2,Oregon State,0,23,193.04,Oregon State,"Cunningham, Jared"
seth curry,PG,2-Jun,185,33108,us,1,"Liberty, Duke",100000,24,187.96,Liberty,"Curry, Seth"
stephen curry,PG,3-Jun,190,32216,us,5,Davidson,10629213,26,190.5,Davidson,"Curry, Stephen"
samuel dalembert,C,11-Jun,255,29716,ht,12,Seton Hall,3867282,33,210.82,Seton Hall,"Dalembert, Samuel"
troy daniels,SG,4-Jun,205,33434,us,1,Virginia Commonwealth,816482,23,193.04,Virginia Commonwealth,"Daniels, Troy"
luigi datome,SF,8-Jun,215,32108,it,1,,1750000,26,203.2,,"Datome, Gigi"
brandon davies,PF,10-Jun,240,33444,us,1,BYU,0,23,208.28,BYU,"Davies, Brandon"
anthony davis,PF,10-Jun,253,34039,us,2,Kentucky,5607240,21,208.28,Kentucky,"Davis, Anthony"
ed davis,PF,10-Jun,225,32664,us,4,UNC,981084,25,208.28,UNC,"Davis, Ed"
glen davis,PF,9-Jun,289,31413,us,7,LSU,1227985,28,205.74,LSU,"Davis, Glen"
andre dawkins,SG,5-Jun,215,33500,us,0,Duke,59686,23,195.58,Duke,"Dawkins, Andre"
austin daye,SF,11-Jun,220,32299,us,5,Gonzaga,125104,26,210.82,Gonzaga,"Daye, Austin"
dewayne dedmon,C,Jul-00,245,32732,us,1,USC,816482,25,213.36,USC,"Dedmon, Dewayne"
matthew dellavedova,SG,4-Jun,200,33124,au,1,Saint Mary's,816482,24,193.04,Saint Mary's,"Dellavedova, Matthew"
luol deng,SF,9-Jun,237,31153,ss,10,Duke,9714461,29,205.74,Duke,"Deng, Luol"
demar derozan,SG,7-Jun,220,32727,us,5,USC,9500000,25,200.66,USC,"DeRozan, DeMar"
boris diaw,PF,8-Jun,250,30057,fr,11,,7500000,32,203.2,,"Diaw, Boris"
gorgui dieng,C,11-Jun,252,32891,sn,1,Louisville,1413480,24,210.82,Louisville,"Dieng, Gorgui"
spencer dinwiddie,PG,6-Jun,210,34065,us,0,Colorado,700000,21,198.12,Colorado,"Dinwiddie, Spencer"
joey dorsey,PF,8-Jun,268,30666,us,3,Memphis,948163,30,203.2,Memphis,"Dorsey, Joey"
toney douglas,SG,2-Jun,195,31487,us,5,"Auburn, Florida State",268974,28,187.96,Auburn,"Douglas, Toney"
chris douglas-roberts,SG,7-Jun,200,31785,us,5,Memphis,915243,27,200.66,Memphis,"Douglas-Roberts, Chris"
goran dragic,PG,3-Jun,190,31538,si,6,,7500000,28,190.5,,"Dragic, Goran"
zoran dragic,SG,5-Jun,200,32681,si,0,,1962103,25,195.58,,"Dragic, Zoran"
larry drew,PG,2-Jun,180,32937,us,0,"UNC, UCLA",59686,24,187.96,UNC,"Drew, Larry"
andre drummond,C,11-Jun,279,34191,us,2,UConn,2568360,21,210.82,UConn,"Drummond, Andre"
jared dudley,SG,7-Jun,237,31238,us,7,Boston College,4250000,29,200.66,Boston College,"Dudley, Jared"
tim duncan,C,11-Jun,250,27875,vi,17,Wake Forest,10000000,38,210.82,Wake Forest,"Duncan, Tim"
mike dunleavy,SF,9-Jun,230,29479,us,12,Duke,3326235,34,205.74,Duke,"Dunleavy, Mike"
kevin durant,SF,9-Jun,240,32415,us,7,Texas,18995624,26,205.74,Texas,"Durant, Kevin"
cleanthony early,SF,8-Jun,210,33345,us,0,Wichita State,507336,23,203.2,Wichita State,"Early, Cleanthony"
wayne ellington,SG,5-Jun,200,32110,us,5,UNC,1063384,26,195.58,UNC,"Ellington, Wayne"
mnta ellis,SG,3-Jun,185,31346,us,9,,8360000,28,190.5,,"Ellis, Monta"
james ennis,SF,7-Jun,210,33055,us,0,Cal State Long Beach,507336,24,200.66,Cal State Long Beach,"Ennis, James"
tyler ennis,PG,3-Jun,194,34570,ca,0,Syracuse,1590720,20,190.5,Syracuse,"Ennis, Tyler"
jeremy evans,SF,9-Jun,200,32074,us,4,Western Kentucky,1794871,26,205.74,Western Kentucky,"Evans, Jeremy"
reggie evans,PF,8-Jun,245,29359,us,12,Iowa,1768653,34,203.2,Iowa,"Evans, Reggie"
tyreke evans,SG,6-Jun,220,32770,us,5,Memphis,10763500,25,198.12,Memphis,"Evans, Tyreke"
dante exum,PG,6-Jun,190,34893,au,0,,3615000,19,198.12,,"Exum, Dante"
festus ezeli,C,11-Jun,255,32802,ng,1,Vanderbilt,1112880,24,210.82,Vanderbilt,"Ezeli, Festus"
kenneth faried,PF,8-Jun,220,32831,us,3,Morehead State University,2249768,24,203.2,Morehead State University,"Faried, Kenneth"
jordan farmar,PG,2-Jun,180,31746,us,7,UCLA,2077000,27,187.96,UCLA,"Farmar, Jordan"
derrick favors,PF,10-Jun,265,33434,us,4,Georgia Tech,12833333,23,208.28,Georgia Tech,"Favors, Derrick"
raymond felton,PG,1-Jun,205,30859,us,9,UNC,3793693,30,185.42,UNC,"Felton, Raymond"
landry fields,SF,7-Jun,210,32321,us,4,Stanford,6250000,26,200.66,Stanford,"Fields, Landry"
evan fournier,SG,7-Jun,205,33906,fr,2,,1483920,21,200.66,,"Fournier, Evan"
randy foye,SG,4-Jun,213,30583,us,8,Villanova,3135000,31,193.04,Villanova,"Foye, Randy"
jamaal franklin,SG,5-Jun,191,33440,us,1,San Diego State,19914,23,195.58,San Diego State,"Franklin, Jamaal"
tim frazier,PG,1-Jun,170,33178,us,0,Penn State,59686,23,185.42,Penn State,"Frazier, Tim"
jimmer dredette,PG,2-Jun,195,32564,us,3,BYU,948163,25,187.96,BYU,"Fredette, Jimmer"
joel freeland,C,10-Jun,250,31815,gb,2,,3013512,27,208.28,,"Freeland, Joel"
channing frye,PF,Jul-00,255,30453,us,8,Arizona,8175476,31,213.36,Arizona,"Frye, Channing"
danilo gallinai,SF,10-Jun,225,32363,it,5,,10854850,26,208.28,,"Gallinari, Danilo"
langston galloway,PG,2-Jun,200,33581,us,0,Saint Joseph's,235762,22,187.96,Saint Joseph's,"Galloway, Langston"
francisco garcia,SF,7-Jun,195,29951,do,9,Louisville,1316809,32,200.66,Louisville,"Garcia, Francisco"
kevin garnett,PF,11-Jun,240,27899,us,19,,12000000,38,210.82,,"Garnett, Kevin"
marc gasol,C,1-Jul,255,31076,es,6,,15829688,29,215.9,,"Gasol, Marc"
pau gasol,PF,Jul-00,250,29408,es,13,,7128000,34,213.36,,"Gasol, Pau"
rudy gay,SF,8-Jun,230,31641,us,8,UConn,19317325,28,203.2,UConn,"Gay, Rudy"
alonzo gee,SF,6-Jun,225,31926,us,5,Alabama,1063384,27,198.12,Alabama,"Gee, Alonzo"
paul george,SF,9-Jun,220,32995,us,4,Fresno State,15925680,24,205.74,Fresno State,"George, Paul"
taj gibson,PF,9-Jun,232,31222,us,5,USC,8000000,29,205.74,USC,"Gibson, Taj"
manu ginobili,SG,6-Jun,205,28334,ar,12,,7000000,37,198.12,,"Ginobili, Manu"
rudy gobert,C,1-Jul,245,33781,fr,1,,1127400,22,215.9,,"Gobert, Rudy"
drew gooden,PF,10-Jun,250,29853,us,12,Kansas,6680000,33,208.28,Kansas,"Gooden, Drew"
archie goodwin,SG,5-Jun,200,34563,us,1,Kentucky,1112280,20,195.58,Kentucky,"Goodwin, Archie"
aaron gordon,PF,9-Jun,220,34958,us,0,Arizona,3992040,19,205.74,Arizona,"Gordon, Aaron"
ben gordon,SG,3-Jun,200,30410,gb,10,UConn,4500000,31,190.5,UConn,"Gordon, Ben"
drew gordon,PF,9-Jun,245,33066,us,0,"UCLA, New Mexico",40000,24,205.74,UCLA,"Gordon, Drew"
eric gordon,SG,4-Jun,215,32502,us,6,Indiana,14898938,25,193.04,Indiana,"Gordon, Eric"
marcin gortat,C,11-Jun,240,30729,pl,7,,10434782,30,210.82,,"Gortat, Marcin"
danny granger,SF,9-Jun,222,30426,us,9,"Bradley, New Mexico",2077000,31,205.74,Bradley,"Granger, Danny"
jerami grant,SF,9-Jun,220,34405,us,0,Syracuse,884879,20,205.74,Syracuse,"Grant, Jerami"
danny green,SG,6-Jun,215,31950,us,5,UNC,4025000,27,198.12,UNC,"Green, Danny"
draymond green,PF,7-Jun,230,32936,us,2,Michigan State,915243,24,200.66,Michigan State,"Green, Draymond"
erick green,PG,4-Jun,185,33367,us,0,Virginia Tech,507336,23,193.04,Virginia Tech,"Green, Erick"
gerald green,SG,7-Jun,205,31438,us,7,,3500000,28,200.66,,"Green, Gerald"
jamychal green,PF,9-Jun,227,33045,us,0,Alabama,59686,24,205.74,Alabama,"Green, JaMychal"
jeff green,SF,9-Jun,235,31652,us,6,Georgetown,9445000,28,205.74,Georgetown,"Green, Jeff"
willie green,SG,4-Jun,200,29795,us,11,Detroit Mercy,1448490,33,193.04,Detroit Mercy,"Green, Willie"
blake griffin,PF,10-Jun,250,32583,us,4,Oklahoma,17674612,25,208.28,Oklahoma,"Griffin, Blake"
jorge gutierrez,PG,3-Jun,191,32504,mx,1,Cal,59686,25,190.5,Cal,"Gutierrez, Jorge"
p.j. hairston,SG,6-Jun,230,33962,us,0,UNC,1149720,21,198.12,UNC,"Hairston, PJ"
jordan hamilton,SF,7-Jun,220,33152,us,3,Texas,150591,23,200.66,Texas,"Hamilton, Jordan"
justin hamilton,C,Jul-00,260,32964,us,1,"Iowa State, LSU",816482,24,213.36,Iowa State,"Hamilton, Justin"
tyler hansbrough,PF,9-Jun,250,31354,us,5,UNC,3326235,28,205.74,UNC,"Hansbrough, Tyler"
time hardaway jr,SG,6-Jun,205,33679,us,1,Michigan,1250640,22,198.12,Michigan,"Hardaway Jr., Tim"
james harden,SG,5-Jun,220,32746,us,5,Arizona State,14728844,25,195.58,Arizona State,"Harden, James"
maurice harkless,SF,9-Jun,220,34100,us,2,St. John's,1887840,21,205.74,St. John's,"Harkless, Maurice"
devin harris,PG,3-Jun,185,30374,us,10,Wisconsin,3878000,31,190.5,Wisconsin,"Harris, Devin"
gary harris,SG,4-Jun,210,34591,us,0,Michigan State,1519200,20,193.04,Michigan State,"Harris, Gary"
joe harris,SG,6-Jun,218,33487,us,0,Virginia,884879,23,198.12,Virginia,"Harris, Joe"
tobias harris,SF,9-Jun,235,33800,us,3,Tennessee,2380594,22,205.74,Tennessee,"Harris, Tobias"
udonis haslem,PF,8-Jun,235,29381,us,11,Florida,2732000,34,203.2,Florida,"Haslem, Udonis"
spencer hawes,PF,1-Jul,245,32261,us,7,Washington,5305000,26,215.9,Washington,"Hawes, Spencer"
chuck hayes,C,6-Jun,240,30478,us,9,Kentucky,5958750,31,198.12,Kentucky,"Hayes, Charles"
gordon hayward,SF,8-Jun,225,32955,us,4,Butler,14746000,24,203.2,Butler,"Hayward, Gordon"
brendan haywood,C,Jul-00,268,29186,us,12,UNC,2213688,34,213.36,UNC,"Haywood, Brendan"
gerald henderson,SG,5-Jun,215,32120,us,5,Duke,6000000,26,195.58,Duke,"Henderson, Gerald"
xavier henry,SF,6-Jun,220,33312,be,4,Kansas,1082000,23,198.12,Kansas,"Henry, Xavier"
john henson,C,11-Jun,219,33235,us,2,UNC,1987320,23,210.82,UNC,"Henson, John"
roy hibbert,C,2-Jul,270,31757,us,6,Georgetown,14898938,27,218.44,Georgetown,"Hibbert, Roy"
jj hickson,C,9-Jun,242,32390,us,6,NC State,5381750,26,205.74,NC State,"Hickson, JJ"
nene hilario,PF,11-Jun,250,30207,br,12,,13000000,32,210.82,,Nene
george hill,PG,3-Jun,188,31536,us,6,IUPUI,8000000,28,190.5,IUPUI,"Hill, George"
jordan hill,C,10-Jun,235,31985,us,5,Arizona,9000000,27,208.28,Arizona,"Hill, Jordan"
solomon hill,SF,7-Jun,225,33315,us,1,Arizona,1302840,23,200.66,Arizona,"Hill, Solomon"
kirk hinrich,SG,4-Jun,190,29588,us,11,Kansas,2730000,33,193.04,Kansas,"Hinrich, Kirk"
jrue holiday,PG,4-Jun,205,33036,us,5,UCLA,9904495,24,193.04,UCLA,"Holiday, Jrue"
justin holiday,SG,6-Jun,181,32603,us,1,Washington,816482,25,198.12,Washington,"Holiday, Justin"
ryan hollins,C,Jul-00,240,30965,us,8,UCLA,1316809,29,213.36,UCLA,"Hollins, Ryan"
rodney hood,SG,8-Jun,206,33897,us,0,"Mississippi State, Duke",1290360,21,203.2,Mississippi State,"Hood, Rodney"
al horford,C,10-Jun,245,31566,do,7,Florida,12000000,28,208.28,Florida,"Horford, Al"
dwight howard,C,11-Jun,265,31389,us,10,,21436271,28,210.82,,"Howard, Dwight"
lester hudson,SG,3-Jun,190,30901,us,3,University of Tennessee at Martin,55774,30,190.5,University of Tennessee at Martin,"Hudson, Lester"
robbie hummel,SF,8-Jun,215,32575,us,1,Purdue,880000,25,203.2,Purdue,"Hummel, Robbie"
kris humphries,PF,9-Jun,235,31084,us,10,Minnesota,4300000,29,205.74,Minnesota,"Humphries, Kris"
serge ibaka,PF,10-Jun,235,32769,cg,5,,12350000,25,208.28,,"Ibaka, Serge"
andre iguodala,SF,6-Jun,215,30709,us,10,Arizona,12289544,30,198.12,Arizona,"Iguodala, Andre"
ersan ilyasova,PF,10-Jun,235,31912,tr,6,,7900000,27,208.28,,"Ilyasova, Ersan"
jon ingles,SF,8-Jun,226,32052,au,0,,507336,26,203.2,,"Ingles, Joe"
kyrie irving,PG,3-Jun,193,33686,au,3,Duke,7070730,22,190.5,Duke,"Irving, Kyrie"
jarrett jack,PG,3-Jun,200,30617,us,9,Georgia Tech,6300000,30,190.5,Georgia Tech,"Jack, Jarrett"
reggie jackson,PG,3-Jun,208,32979,it,3,Boston College,2204370,24,190.5,Boston College,"Jackson, Reggie"
bernard james,C,10-Jun,240,31085,us,2,Florida State,915243,29,208.28,Florida State,"James, Bernard"
lebron james,SF,8-Jun,250,31046,us,11,,20644400,29,203.2,,"James, LeBron"
al jefferson,C,10-Jun,289,31051,us,10,,13666667,29,208.28,,"Jefferson, Al"
cory jefferson,PF,9-Jun,218,33233,us,0,Baylor,507336,23,205.74,Baylor,"Jefferson, Cory"
richard jefferson,SF,7-Jun,233,29393,us,13,Arizona,1448490,34,200.66,Arizona,"Jefferson, Richard"
john jenkins,SG,4-Jun,215,33303,us,2,Vanderbilt,1312920,23,193.04,Vanderbilt,"Jenkins, John"
brandon jennings,PG,1-Jun,170,32774,us,5,,8000000,25,185.42,,"Jennings, Brandon"
jonas jerebko,PF,10-Jun,231,31838,se,4,,4500000,27,208.28,,"Jerebko, Jonas"
grant jerrett,PF,10-Jun,235,34158,us,0,Arizona,816481,21,208.28,Arizona,"Jerrett, Grant"
amir johnson,PF,9-Jun,240,31898,us,9,,7000000,27,205.74,,"Johnson, Amir"
chris johnson,SF,6-Jun,206,32992,us,2,Dayton,107674,24,198.12,Dayton,"Johnson, Chris"
james johnson,PF,8-Jun,240,31828,us,5,Wake Forest,2500000,27,203.2,Wake Forest,"Johnson, James"
joe johnson,SG,7-Jun,240,29766,us,13,Arkansas,23180790,33,200.66,Arkansas,"Johnson, Joe"
nick johnson,SG,3-Jun,202,33960,us,0,Arizona,507336,21,190.5,Arizona,"Johnson, Nick"
tyler johnson,SG,4-Jun,190,33731,us,0,Fresno State,507336,22,193.04,Fresno State,"Johnson, Tyler"
wesley johnson,SF,7-Jun,215,31969,us,4,"Iowa State, Syracuse",981084,27,200.66,Iowa State,"Johnson, Wesley"
dahntay jones,SF,6-Jun,225,29582,us,10,"Rutgers University, Duke",387632,33,198.12,Rutgers University,"Jones, Dahntay"
james jones,SF,8-Jun,218,29498,us,11,Miami (FL),1448490,33,203.2,Miami (FL),"Jones, James"
perry jones,SF,11-Jun,235,33505,us,2,Baylor,1129200,23,210.82,Baylor,"Jones, Perry"
terrence jones,PF,9-Jun,252,33612,us,2,Kentucky,1618680,22,205.74,Kentucky,"Jones, Terrence"
deandre jordan,C,11-Jun,265,32345,us,6,Texas A&M,11440124,26,210.82,Texas A&M,"Jordan, DeAndre"
jerome jordan,C,Jul-00,253,31684,jm,1,Tulsa,915243,28,213.36,Tulsa,"Jordan, Jerome"
cory joseph,PG,3-Jun,193,33470,ca,3,Texas,2023261,23,190.5,Texas,"Joseph, Cory"
jose juan barea,PG,Jun-00,185,30859,pr,8,Northeastern University,1310286,30,182.88,Northeastern University,"Barea, Jose Juan"
chris kaman,C,Jul-00,265,30069,us,11,Central Michigan University,4800000,32,213.36,Central Michigan University,"Kaman, Chris"
enes kanter,C,11-Jun,250,33744,ch,3,,5694674,22,210.82,,"Kanter, Enes"
sergey karasev,SG,7-Jun,208,34268,ru,1,,1533840,20,200.66,,"Karasev, Sergey"
ryan kelly,PF,11-Jun,230,33337,us,1,Duke,1650000,23,210.82,Duke,"Kelly, Ryan"
michael kidd-gilchrist,SF,7-Jun,232,34238,us,2,Kentucky,5016960,21,200.66,Kentucky,"Kidd-Gilchrist, Michael"
sean kilpatrick,SG,4-Jun,210,32879,us,0,Cincinnati,35000,24,193.04,Cincinnati,"Kilpatrick, Sean"
andrei kirilenko,SF,9-Jun,220,29635,ru,12,,3326235,33,205.74,,"Kirilenko, Andrei"
alex kirk,C,Jul-00,245,33556,us,0,New Mexico,65000,22,213.36,New Mexico,"Kirk, Alex"
brandon knight,PG,3-Jun,195,33574,us,3,Kentucky,3553917,22,190.5,Kentucky,"Knight, Brandon"
kyle korver,SG,7-Jun,212,29662,us,11,Creighton,6253521,33,200.66,Creighton,"Korver, Kyle"
kosta koufos,C,Jul-00,245,32563,us,6,Ohio State,3000000,25,213.36,Ohio State,"Koufos, Kosta"
ognjen kuzmic,C,1-Jul,251,33009,ba,1,,816482,24,215.9,,"Kuzmic, Ognjen"
jeremy lamb,SG,5-Jun,185,33754,us,2,UConn,2202000,22,195.58,UConn,"Lamb, Jeremy"
carl landry,PF,9-Jun,248,30578,us,7,Purdue,6500000,31,205.74,Purdue,"Landry, Carl"
shane larkin,PG,11-May,175,33879,us,1,Miami (FL),1606080,21,180.34,Miami (FL),"Larkin, Shane"
joffrey lauvergne,C,11-Jun,220,33511,fr,0,,1790280,23,210.82,,"Lauvergne, Joffrey"
zach lavine,PG,5-Jun,200,34768,us,0,UCLA,2055840,19,195.58,UCLA,"LaVine, Zach"
ty lawson,PG,11-May,195,32084,us,5,UNC,11595506,26,180.34,UNC,"Lawson, Ty"
ricky ledo,SG,7-Jun,195,33857,us,1,,816482,22,200.66,,"Ledo, Ricky"
courtney lee,SG,5-Jun,215,31323,us,6,Western Kentucky,5450000,28,195.58,Western Kentucky,"Lee, Courtney"
david lee,PF,9-Jun,245,30435,us,9,Florida,15012000,31,205.74,Florida,"Lee, David"
malcolm lee,SG,5-Jun,200,33015,us,2,UCLA,0,24,195.58,UCLA,"Lee, Malcolm"
alex len,C,1-Jul,250,34136,ua,1,Maryland,3649920,21,215.9,Maryland,"Len, Alex"
kawhi leonard,SF,7-Jun,230,33418,us,3,San Diego State,2894059,23,200.66,San Diego State,"Leonard, Kawhi"
meyers leonard,C,1-Jul,255,33661,us,2,Illinois,2317920,22,215.9,Illinois,"Leonard, Meyers"
jon leuer,PF,10-Jun,228,32642,us,3,Wisconsin,967500,25,208.28,Wisconsin,"Leuer, Jon"
damian lillard,PG,3-Jun,195,33069,us,2,Weber State,3340920,24,190.5,Weber State,"Lillard, Damian"
jeremy lin,PG,3-Jun,200,32378,us,4,Harvard University,8374646,26,190.5,Harvard University,"Lin, Jeremy"
shaun livingston,PG,7-Jun,192,31301,us,9,,5305000,29,200.66,,"Livingston, Shaun"
brook lopez,C,Jul-00,270,32234,us,6,Stanford,15719063,26,213.36,Stanford,"Lopez, Brook"
robin lopez,C,Jul-00,275,32234,us,6,Stanford,6124728,26,213.36,Stanford,"Lopez, Robin"
kevin love,PF,10-Jun,251,32393,us,6,UCLA,15719062,26,208.28,UCLA,"Love, Kevin"
kyle lowry,PG,1-Jun,196,31496,us,8,Villanova,12000000,28,185.42,Villanova,"Lowry, Kyle"
john lucas iii,PG,11-May,166,30276,us,6,"Baylor, Oklahoma State",123827,31,180.34,Baylor,"Lucas III, John"
kalin lucas,PG,1-Jun,195,32652,us,0,Michigan State,0,25,185.42,Michigan State,"Lucas, Kalin"
shelvin mack,PG,3-Jun,203,32985,us,3,Butler,2433333,24,190.5,Butler,"Mack, Shelvin"
ian mahinmi,C,11-Jun,262,31721,fr,6,,4000000,27,210.82,,"Mahinmi, Ian"
devyn marble,SG,6-Jun,200,33868,us,0,Iowa,884879,22,198.12,Iowa,"Marble, Devyn"
shawn marion,SF,7-Jun,220,28617,us,15,UNLV,1448490,36,200.66,UNLV,"Marion, Shawn"
kendall marshall,PG,4-Jun,200,33469,us,2,UNC,915243,23,193.04,UNC,"Marshall, Kendall"
cartier martin,SF,7-Jun,220,31006,us,6,Kansas State,1145685,29,200.66,Kansas State,"Martin, Cartier"
kenyon martin,PF,9-Jun,234,28489,us,14,Cincinnati,414551,36,205.74,Cincinnati,"Martin, Kenyon"
kevin martin,SG,7-Jun,199,30348,us,10,Western Carolina University,6792500,31,200.66,Western Carolina University,"Martin, Kevin"
wesley matthews,SG,5-Jun,220,31699,us,5,Marquette,7245640,27,195.58,Marquette,"Matthews, Wesley"
jason maxiell,PF,7-Jun,260,30365,us,9,Cincinnati,1316809,31,200.66,Cincinnati,"Maxiell, Jason"
oj mayo,SG,5-Jun,210,32086,us,6,USC,8000000,26,195.58,USC,"Mayo, O.J."
luc mbah a moute,PF,8-Jun,230,31664,cm,6,UCLA,4382576,28,203.2,UCLA,"Mbah a Moute, Luc"
ray mccallum,PG,3-Jun,190,33401,us,1,Detroit Mercy,816482,23,190.5,Detroit Mercy,"McCallum, Ray"
cj mccollum,SG,3-Jun,190,33500,us,1,Lehigh,2421000,23,190.5,Lehigh,"McCollum, CJ"
kj mcdaniels,SG,6-Jun,205,34009,us,0,Clemson,507336,21,198.12,Clemson,"McDaniels, KJ"
doug mcdermott,SF,8-Jun,225,33606,us,0,Creighton,2277960,22,203.2,Creighton,"McDermott, Doug"
mitch mcgary,PF,10-Jun,255,33761,us,0,Michigan,1400040,22,208.28,Michigan,"McGary, Mitch"
javale mcgee,C,Jul-00,270,32161,us,6,Nevada,11250000,26,213.36,Nevada,"McGee, JaVale"
ben mclemore,SG,5-Jun,201,34011,us,1,Kansas,3026280,21,195.58,Kansas,"McLemore, Ben"
jerel mcneal,PG,3-Jun,200,31929,us,0,Marquette,29843,27,190.5,Marquette,"McNeal, Jerel"
josh mcroberts,PF,10-Jun,240,31836,us,7,Duke,5305000,27,208.28,Duke,"McRoberts, Josh"
jodie meeks,SG,4-Jun,210,32010,us,5,Kentucky,6000000,27,193.04,Kentucky,"Meeks, Jodie"
gal mekel,PG,3-Jun,191,32206,il,1,Wichita State,816482,26,190.5,Wichita State,"Mekel, Gal"
james michael mcadoo,PF,9-Jun,230,33973,us,0,UNC,167122,21,205.74,UNC,"McAdoo, James Michael"
khris middleton,SF,8-Jun,222,33462,us,2,Texas A&M,915243,23,203.2,Texas A&M,"Middleton, Khris"
cj miles,SG,6-Jun,220,31854,us,9,,4205000,27,198.12,,"Miles, CJ"
andre miller,PG,3-Jun,200,27838,us,15,Utah,4625000,38,190.5,Utah,"Miller, Andre"
darius miller,SF,8-Jun,225,32953,us,2,Kentucky,400000,24,203.2,Kentucky,"Miller, Darius"
mike miller,SF,8-Jun,218,29270,us,14,Florida,2732000,34,203.2,Florida,"Miller, Mike"
quincy miller,PF,9-Jun,210,33926,us,2,Baylor,150000,21,205.74,Baylor,"Miller, Quincy"
patty mills,PG,Jun-00,180,32366,au,5,Saint Mary's,3842105,26,182.88,Saint Mary's,"Mills, Patty"
elijah millsap,SG,6-Jun,225,32001,us,0,"Louisiana, University of Alabama at Birmingham",241731,27,198.12,Louisiana,"Millsap, Elijah"
paul millsap,PF,8-Jun,246,31088,us,8,Louisiana Tech,9500000,29,203.2,Louisiana Tech,"Millsap, Paul"
nikola mirotic,PF,10-Jun,250,33280,me,0,,5305000,23,208.28,,"Mirotic, Nikola"
nazr mohammed,C,10-Jun,221,28373,us,16,Kentucky,1448490,37,208.28,Kentucky,"Mohammed, Nazr"
greg monroe,PF,11-Jun,265,33028,us,4,Georgetown,5479934,24,210.82,Georgetown,"Monroe, Greg"
e'twaun moore,SG,4-Jun,191,32564,us,3,Purdue,948163,25,193.04,Purdue,"Moore, E'Twaun"
eric moreland,PF,10-Jun,238,33596,us,0,Oregon State,507336,22,208.28,Oregon State,"Moreland, Eric"
darius morris,PG,4-Jun,190,33241,us,3,Michigan,702756,23,193.04,Michigan,"Morris, Darius"
marcus morris,PF,9-Jun,235,32753,us,3,Kansas,2943221,25,205.74,Kansas,"Morris, Marcus"
markieff morris,PF,10-Jun,245,32753,us,3,Kansas,2989239,25,208.28,Kansas,"Morris, Markieff"
anthony morrow,SG,5-Jun,210,31317,us,6,Georgia Tech,3200000,29,195.58,Georgia Tech,"Morrow, Anthony"
donatas motiejunas,PF,Jul-00,222,33136,lt,2,,1483920,24,213.36,,"Motiejunas, Donatas"
timofey mozgov,C,1-Jul,275,31609,ru,4,,4650000,28,215.9,,"Mozgov, Timofey"
shabazz muhammad,SG,6-Jun,223,33921,us,1,UCLA,1971960,21,198.12,UCLA,"Muhammad, Shabazz"
toure' murry,SG,5-Jun,195,32820,us,1,Wichita State,250000,24,195.58,Wichita State,"Murry, Toure"
mike muscala,PF,11-Jun,240,33420,us,1,Bucknell,816482,23,210.82,Bucknell,"Muscala, Mike"
shabazz napier,PG,1-Jun,180,33433,us,0,UConn,1238640,23,185.42,UConn,"Napier, Shabazz"
gary neal,SG,4-Jun,210,30958,us,4,"La Salle, Towson University",3250000,29,193.04,La Salle,"Neal, Gary"
jameer nelson,PG,Jun-00,190,29991,us,10,Saint Joseph's,2732000,32,182.88,Saint Joseph's,"Nelson, Jameer"
andrew nicholson,PF,9-Jun,250,32850,ca,2,St. Bonaventure,1545840,24,205.74,St. Bonaventure,"Nicholson, Andrew"
joakim noah,C,11-Jun,230,31103,us,7,Florida,12200000,29,210.82,Florida,"Noah, Joakim"
nerles noel,C,11-Jun,220,34434,us,0,Kentucky,3315120,20,210.82,Kentucky,"Noel, Nerlens"
lucas nogueira,C,Jul-00,241,33811,br,0,,1762680,22,213.36,,"Nogueira, Lucas"
steve novak,SF,10-Jun,225,30480,us,8,Marquette,3445946,31,208.28,Marquette,"Novak, Steve"
dirk nowtizski,PF,Jul-00,245,28660,de,16,,7974482,36,213.36,,"Nowitzki, Dirk"
jusuf nurkic,C,Jul-00,275,34569,ba,0,,1762680,20,213.36,,"Nurkic, Jusuf"
johnny o'bryant,PF,9-Jun,257,34121,us,0,LSU,600000,21,205.74,LSU,"O'Bryant, Johnny"
victor oladipo,SG,4-Jun,210,33728,us,1,Indiana,4978200,22,193.04,Indiana,"Oladipo, Victor"
kelly olynyk,C,Jul-00,240,33347,ca,1,Gonzaga,2075760,23,213.36,Gonzaga,"Olynyk, Kelly"
arinze onuaku,C,9-Jun,255,31971,us,1,Syracuse,43226,27,205.74,Syracuse,"Onuaku, Arinze"
kyle oquinn,PF,10-Jun,250,32958,us,2,Norfolk State,915243,24,208.28,Norfolk State,"O'Quinn, Kyle"
zaza pachulia,C,11-Jun,270,30722,ge,11,,5200000,30,210.82,,"Pachulia, Zaza"
kostas papanikolaou,SF,8-Jun,225,33085,gr,0,,4800000,24,203.2,,"Papanikolaou, Kostas"
jannero pargo,PG,1-Jun,175,29150,us,10,Arkansas,1448490,34,185.42,Arkansas,"Pargo, Jannero"
jabari parker,PF,8-Jun,245,34773,us,0,Duke,4930560,19,203.2,Duke,"Parker, Jabari"
tony parker,PG,2-Jun,185,30088,be,13,,12500000,32,187.96,,"Parker, Tony"
chandler parsons,SF,10-Jun,230,32441,us,3,Florida,14700000,25,208.28,Florida,"Parsons, Chandler"
patrick patterson,PF,9-Jun,230,32581,us,4,Kentucky,5831326,25,205.74,Kentucky,"Patterson, Patrick"
chris paul,PG,Jun-00,175,31173,us,9,Wake Forest,20068563,29,182.88,Wake Forest,"Paul, Chris"
adreian payne,PF,10-Jun,237,33288,us,0,Michigan State,1855320,23,208.28,Michigan State,"Payne, Adreian"
elfrid payton,PG,4-Jun,185,34387,us,0,Louisiana,2397840,20,193.04,Louisiana,"Payton, Elfrid"
nikola pekovic,C,11-Jun,307,31415,me,4,,12100000,28,210.82,,"Pekovic, Nikola"
kendrick perkins,C,10-Jun,270,30996,us,11,,434547,29,208.28,,"Perkins, Kendrick"
paul pierce,SF,7-Jun,235,28411,us,16,Kansas,5305000,36,200.66,Kansas,"Pierce, Paul"
mason plumlee,C,11-Jun,235,32937,us,1,Duke,1357080,24,210.82,Duke,"Plumlee, Mason"
miles plumlee,C,11-Jun,249,32387,us,2,Duke,1169880,26,210.82,Duke,"Plumlee, Miles"
quincy pondexter,SG,7-Jun,230,32212,us,4,Washington,3146068,26,200.66,Washington,"Pondexter, Quincy"
otto porter,SF,8-Jun,198,34123,us,1,Georgetown,4470480,21,203.2,Georgetown,"Porter, Otto"
dwight powell,PF,11-Jun,240,33439,ca,0,Stanford,507336,23,210.82,Stanford,"Powell, Dwight"
phil pressey,PG,11-May,175,33286,us,1,Missouri,816482,23,180.34,Missouri,"Pressey, Phil"
a.j. price,PG,2-Jun,181,31692,us,5,UConn,62552,27,187.96,UConn,"Price, A.J."
ronnie price,PG,2-Jun,190,30488,us,9,"Nicholls State University, Utah Valley State College",1316809,31,187.96,Nicholls State University,"Price, Ronnie"
pablo prigioni,PG,3-Jun,185,28262,ar,2,,1662961,37,190.5,,"Prigioni, Pablo"
tayshaun prince,SF,9-Jun,212,29279,us,12,Kentucky,7707865,34,205.74,Kentucky,"Prince, Tayshaun"
miroslav raduljica,C,Jul-00,250,32147,rs,1,,300000,26,213.36,,"Raduljica, Miroslav"
julius randle,PF,9-Jun,250,34667,us,0,Kentucky,2997360,19,205.74,Kentucky,"Randle, Julius"
shavlik randolph,PF,10-Jun,240,30644,us,7,Duke,1227985,30,208.28,Duke,"Randolph, Shavlik"
zach randolph,PF,9-Jun,250,29783,us,13,Michigan State,16500000,33,205.74,Michigan State,"Randolph, Zach"
jj redick,SG,4-Jun,200,30857,us,8,Duke,6583500,30,193.04,Duke,"Redick, JJ"
glen rice,SG,6-Jun,206,33239,us,1,Georgia Tech,400000,23,198.12,Georgia Tech,"Rice Jr., Glen"
jason richardson,SG,6-Jun,220,29606,us,12,Michigan State,6601125,33,198.12,Michigan State,"Richardson, Jason"
luke ridnour,PG,2-Jun,175,29630,us,11,Oregon,2750000,33,187.96,Oregon,"Ridnour, Luke"
austin rivers,PG,4-Jun,200,33817,us,2,Duke,2439840,22,193.04,Duke,"Rivers, Austin"
andre roberson,SG,7-Jun,210,33576,us,1,Colorado,1160880,22,200.66,Colorado,"Roberson, Andre"
brian roberts,PG,1-Jun,173,31384,us,2,Dayton,2732000,28,185.42,Dayton,"Roberts, Brian"
glenn robinson,SF,6-Jun,222,34342,us,0,Michigan,507336,20,198.12,Michigan,"Robinson, Glenn"
nate robinson,PG,9-May,180,30833,us,9,Washington,2106720,30,175.26,Washington,"Robinson, Nate"
thomas robinson,PF,10-Jun,237,33314,us,2,Kansas,3678360,23,208.28,Kansas,"Robinson, Thomas"
rajon rondo,PG,1-Jun,186,31465,us,8,Kentucky,12909091,28,185.42,Kentucky,"Rondo, Rajon"
derrick rose,PG,3-Jun,200,32420,us,5,Memphis,18862875,25,190.5,Memphis,"Rose, Derrick"
terrence ross,SF,7-Jun,206,33274,us,2,Washington,2793960,23,200.66,Washington,"Ross, Terrence"
ricky rubio,PG,4-Jun,190,33167,es,3,,5070686,23,193.04,,"Rubio, Ricky"
damjan rudez,SF,10-Jun,228,31580,hr,0,,1100000,28,208.28,,"Rudez, Damjan"
brandon rush,SG,6-Jun,220,31235,us,6,Kansas,1145685,29,198.12,Kansas,"Rush, Brandon"
robert sacre,C,Jul-00,270,32665,us,2,Gonzaga,915243,25,213.36,Gonzaga,"Sacre, Robert"
john salmons,SF,7-Jun,210,29201,us,12,Miami (FL),1000000,34,200.66,Miami (FL),"Salmons, John"
jakarr sampson,SF,9-Jun,214,34048,us,0,St. John's,507336,21,205.74,St. John's,"Sampson, JaKarr"
larry sanders,C,11-Jun,235,32468,us,4,Virginia Commonwealth,11000000,25,210.82,Virginia Commonwealth,"Sanders, Larry"
dennis schroder,PG,1-Jun,172,34227,de,1,,1690680,21,185.42,,"Schroder, Dennis"
luis scola,PF,9-Jun,240,29341,ar,7,,6541000,34,205.74,,"Scola, Luis"
mike scott,PF,8-Jun,237,32340,us,2,Virginia,3333333,26,203.2,Virginia,"Scott, Mike"
thabo sefolosha,SF,7-Jun,220,30804,ch,8,,4150000,30,200.66,,"Sefolosha, Thabo"
kevin seraphin,C,9-Jun,285,32849,gf,4,,3898692,24,205.74,,"Seraphin, Kevin"
ramon sessions,PG,3-Jun,190,31513,us,7,Nevada,2077000,28,190.5,Nevada,"Sessions, Ramon"
iman shumpert,SG,5-Jun,215,33050,us,3,Georgia Tech,2616975,24,195.58,Georgia Tech,"Shumpert, Iman"
alexey shved,SG,6-Jun,190,32493,ru,2,,3282056,25,198.12,,"Shved, Alexey"
henry sims,C,10-Jun,248,32959,us,2,Georgetown,915243,24,208.28,Georgetown,"Sims, Henry"
kyle singler,SF,8-Jun,228,32267,us,2,Duke,1090000,26,203.2,Duke,"Singler, Kyle"
donald sloan,PG,3-Jun,205,32157,us,3,Texas A&M,948163,26,190.5,Texas A&M,"Sloan, Donald"
marcus smart,PG,4-Jun,220,34399,us,0,Oklahoma State,3283320,20,193.04,Oklahoma State,"Smart, Marcus"
greg smith,PF,10-Jun,250,33246,us,3,Fresno State,948163,23,208.28,Fresno State,"Smith, Greg"
ish smith,PG,Jun-00,175,32329,us,4,Wake Forest,981084,26,182.88,Wake Forest,"Smith, Ish"
j.r. smith,SG,6-Jun,225,31299,us,10,,6516000,29,198.12,,"Smith, J.R."
jason smith,C,Jul-00,240,31473,us,6,Colorado State,3278000,28,213.36,Colorado State,"Smith, Jason"
josh smith,PF,9-Jun,225,31386,us,10,,14000000,28,205.74,,"Smith, Josh"
russ smith,PG,Jun-00,165,33347,us,0,Louisville,816482,23,182.88,Louisville,"Smith, Russ"
tony snell,SF,7-Jun,213,33552,us,1,New Mexico,1472400,22,200.66,New Mexico,"Snell, Tony"
marreese speights,C,10-Jun,255,31993,us,6,Florida,3657500,27,208.28,Florida,"Speights, Marreese"
tiago splitter,C,11-Jun,245,31048,br,4,,9250000,29,210.82,,"Splitter, Tiago"
nik stauskas,SG,6-Jun,205,34249,ca,0,Michigan,2745840,20,198.12,Michigan,"Stauskas, Nik"
lance stephenson,SG,6-Jun,230,33121,us,4,Cincinnati,9000000,24,198.12,Cincinnati,"Stephenson, Lance"
greg stiemsma,C,11-Jun,260,31316,us,3,Wisconsin,981084,29,210.82,Wisconsin,"Stiemsma, Greg"
david stockton,PG,11-May,165,33413,us,0,Gonzaga,29843,23,180.34,Gonzaga,"Stockton, David"
jarnell stokes,PF,9-Jun,263,34341,us,0,Tennessee,725000,20,205.74,Tennessee,"Stokes, Jarnell"
amare stoudemire,PF,10-Jun,245,30271,us,12,,485670,31,208.28,,"Stoudemire, Amar'e"
rodney stuckey,PG,5-Jun,210,31523,us,7,Eastern Washington University,1227985,28,195.58,Eastern Washington University,"Stuckey, Rodney"
jared sullinger,PF,9-Jun,260,33667,us,2,Ohio State,1424520,22,205.74,Ohio State,"Sullinger, Jared"
jeffery taylor,SF,7-Jun,225,32651,se,2,Vanderbilt,915243,25,200.66,Vanderbilt,"Taylor, Jeff"
jeff teague,PG,2-Jun,195,32304,us,5,Wake Forest,8000000,26,187.96,Wake Forest,"Teague, Jeff"
mirza teletovic,PF,9-Jun,242,31308,ba,2,,3368100,29,205.74,,"Teletovic, Mirza"
sebastian telfair,PG,Jun-00,165,31207,us,9,,915243,29,182.88,,"Telfair, Sebastian"
garrett temple,SG,6-Jun,195,31540,us,4,LSU,981084,28,198.12,LSU,"Temple, Garrett"
jason terry,SG,2-Jun,185,28383,us,15,Arizona,5850313,37,187.96,Arizona,"Terry, Jason"
isaiah thomas,PG,9-May,185,32546,us,3,Washington,7238606,25,175.26,Washington,"Thomas, Isaiah"
lance thomas,PF,8-Jun,240,32257,us,3,Duke,403784,26,203.2,Duke,"Thomas, Lance"
malcolm thomas,PF,9-Jun,225,32455,us,3,"Pepperdine, San Diego State",474000,25,205.74,Pepperdine,"Thomas, Malcolm"
matt thomas,PF,,,,,3,"Pepperdine, San Diego State",0,#NUM!,#VALUE!,Pepperdine,"Thomas, Matt"
tyrus thomas,PF,9-Jun,215,31641,us,7,LSU,9388000,28,205.74,LSU,"Thomas, Tyrus"
hollis thompson,SG,8-Jun,206,33331,us,1,Georgetown,816482,23,203.2,Georgetown,"Thompson, Hollis"
jason thompson,PF,11-Jun,250,31614,us,6,Rider University,6037500,28,210.82,Rider University,"Thompson, Jason"
klay thompson,SG,7-Jun,215,32912,us,3,Washington State,3075880,24,200.66,Washington State,"Thompson, Klay"
tristan thompson,PF,10-Jun,238,33310,ca,3,Texas,5138430,23,208.28,Texas,"Thompson, Tristan"
marcus thornton,SG,4-Jun,205,31933,us,5,LSU,8575000,27,193.04,LSU,"Thornton, Marcus"
anthony tolliver,PF,8-Jun,250,31199,us,6,Creighton,3000000,29,203.2,Creighton,"Tolliver, Anthony"
pj tucker,SF,6-Jun,245,31172,us,3,Texas,5700000,29,198.12,Texas,"Tucker, PJ"
ronny turiaf,C,10-Jun,249,30329,mq,9,Gonzaga,1500000,31,208.28,Gonzaga,"Turiaf, Ronny"
hedo turkoglu,SF,10-Jun,220,28933,tr,14,,1448490,35,208.28,,"Turkoglu, Hedo"
evan turner,SG,7-Jun,220,32443,us,4,Ohio State,3278000,25,200.66,Ohio State,"Turner, Evan"
ekpe udoh,PF,10-Jun,245,31917,us,4,"Michigan, Baylor",981084,27,208.28,Michigan,"Udoh, Ekpe"
beno urdih,PG,3-Jun,205,30137,si,10,,2077000,32,190.5,,"Udrih, Beno"
jonas valanciunas,C,Jul-00,265,33730,lt,2,,3678360,22,213.36,,"Valanciunas, Jonas"
anderson varejao,C,10-Jun,273,30222,br,10,,9704595,32,208.28,,"Varejao, Anderson"
greivis vasquez,PG,6-Jun,217,31793,ve,4,Maryland,6400000,27,198.12,Maryland,"Vasquez, Greivis"
charlie villanueva,PF,11-Jun,232,30918,us,9,UConn,1316809,30,210.82,UConn,"Villanueva, Charlie"
noah vonleh,PF,9-Jun,250,34935,us,0,Indiana,2524200,19,205.74,Indiana,"Vonleh, Noah"
nikola vucevic,C,Jul-00,260,33170,ch,3,USC,2751260,23,213.36,USC,"Vucevic, Nikola"
dwayne wade,SG,4-Jun,220,29968,us,11,Marquette,15000000,32,193.04,Marquette,"Wade, Dwyane"
dion waiters,SG,4-Jun,215,33582,us,2,Syracuse,4062000,22,193.04,Syracuse,"Waiters, Dion"
henry walker,SF,6-Jun,220,32059,us,4,Kansas State,115422,26,198.12,Kansas State,"Walker, Henry"
kemba walker,PG,1-Jun,184,33001,us,3,UConn,3272091,24,185.42,UConn,"Walker, Kemba"
john wall,PG,4-Jun,210,33122,us,4,Kentucky,14746000,24,193.04,Kentucky,"Wall, John"
gerald wallace,SF,7-Jun,215,30155,us,13,Alabama,10105855,32,200.66,Alabama,"Wallace, Gerald"
t.j. warren,SF,8-Jun,215,34217,us,0,NC State,1953120,21,203.2,NC State,"Warren, TJ"
cj watson,PG,2-Jun,175,30789,us,7,Tennessee,2106720,30,187.96,Tennessee,"Watson, CJ"
david wear,PF,10-Jun,230,33137,us,0,"UNC, UCLA",29843,24,208.28,UNC,"Wear, David"
travis wear,SF,10-Jun,230,33137,us,0,"UNC, UCLA",507336,24,208.28,UNC,"Wear, Travis"
martell webster,SF,7-Jun,230,31750,us,9,,5381750,27,200.66,,"Webster, Martell"
david west,PF,9-Jun,250,29462,us,11,Xavier,12000000,34,205.74,Xavier,"West, David"
russell westbrook,PG,3-Jun,200,32459,us,6,UCLA,15719062,25,190.5,UCLA,"Westbrook, Russell"
hassan whiteside,C,Jul-00,265,32672,us,2,Marshall,769881,25,213.36,Marshall,"Whiteside, Hassan"
shayne whittington,PF,11-Jun,250,33324,us,0,Western Michigan University,507336,23,210.82,Western Michigan University,"Whittington, Shayne"
andrew wiggins,SF,8-Jun,194,34753,ca,0,Kansas,5510640,19,203.2,Kansas,"Wiggins, Andrew"
c.j. wilcox,SG,5-Jun,195,33237,us,0,Washington,1109760,23,195.58,Washington,"Wilcox, CJ"
deron williams,PG,3-Jun,200,30859,us,9,Illinois,19754465,30,190.5,Illinois,"Williams, Deron"
derrick williams,PF,8-Jun,240,33383,us,3,Arizona,6331404,23,203.2,Arizona,"Williams, Derrick"
elliot williams,SG,5-Jun,190,32679,us,2,"Duke, Memphis",53838,25,195.58,Duke,"Williams, Elliot"
lou williams,SG,1-Jun,175,31712,us,9,,5450000,27,185.42,,"Williams, Lou"
marvin williams,PF,9-Jun,237,31582,us,9,UNC,7000000,28,205.74,UNC,"Williams, Marvin"
mo williams,PG,1-Jun,198,30304,us,11,Alabama,3750000,31,185.42,Alabama,"Williams, Mo"
reggie williams,SF,6-Jun,205,31669,us,5,Virginia Military Institute,125104,28,198.12,Virginia Military Institute,"Williams, Reggie"
shawne williams,SF,9-Jun,225,31459,us,6,Memphis,1227985,28,205.74,Memphis,"Williams, Shawne"
jeff withey,C,Jul-00,231,32939,us,1,Kansas,816482,24,213.36,Kansas,"Withey, Jeff"
nate wolters,PG,4-Jun,190,33373,us,1,South Dakota State University,816482,23,193.04,South Dakota State University,"Wolters, Nate"
brandan wright,PF,10-Jun,210,32055,us,6,UNC,5000000,26,208.28,UNC,"Wright, Brandan"
dorell wright,SF,9-Jun,205,31383,us,10,,3150000,28,205.74,,"Wright, Dorell"
tony wroten,PG,6-Jun,205,34072,us,2,Washington,1210080,21,198.12,Washington,"Wroten, Tony"
james young,SG,6-Jun,215,34927,us,0,Kentucky,1674480,19,198.12,Kentucky,"Young, James"
nick young,SG,7-Jun,210,31199,us,7,USC,4994420,29,200.66,USC,"Young, Nick"
thaddeus young,PF,8-Jun,221,32315,us,7,Georgia Tech,9410870,26,203.2,Georgia Tech,"Young, Thaddeus"
cody zeller,C,Jul-00,240,33882,us,1,Indiana,4030560,21,213.36,Indiana,"Zeller, Cody"
tyler zeller,C,Jul-00,253,32890,us,2,UNC,1703760,24,213.36,UNC,"Zeller, Tyler"
